,标题,热度
0,8分钟了解8条铁路线,0
1,韩红瘦了,4960300
2,中秋月亮开了瘦脸滤镜,2981612
3,王一博 我才23岁,2958107
4,吴磊关晓彤微微好甜,2294642
5,我不怕 她是我奶奶,1712665
6,这个中秋吃出花,1588653
7,古生物学家发现1500万年前奇特花朵,1559563
8,印军6年27名士兵因弹药事故丧生,1558959
9,印度副总统奈杜新冠病毒检测呈阳性,1558604
10,高铁晚点,1558494
11,张韶涵张碧晨合唱好听,1509464
12,手写退货说明的爷爷收到回信,1494432
13,央视国庆晚会,1433471
14,一本作业得罪了全家人,1376235
15,在一起之摆渡人,1302257
16,因洪水漂流的重庆二熊回家了,1262912
17,杭州堵红了,1230498
18,嘀嗒崩了,1189900
19,共享单车出现语音广告,1179165
20,欧阳娜娜,1178694
21,伊能静发浪姐未公开独家视频,1178012
22,七国外交官国庆前集体吃火锅,1066276
23,老干爹,1044259
24,玉兔甜甜圈,1037886
25,蟑螂是被误解最深的动物,1037245
26,唐嫣好甜,951122
27,国庆的快乐是蔡国庆给的,707138
28,三峡大学回应日语教学PPT歧视女性,577633
29,国台办回应台艺人遭民进党威胁,524331
30,穷人的新名词,502527
31,倪妮演技,488720
32,路晋为跟顾胜男约会作弊,462694
33,元气满满的哥哥,425328
34,美国是针对中国网络攻击的最大来源国,405980
35,阚清子谈男女不平等待遇,405916
36,小九给爸爸买红内衣红内裤,390464
37,成都开始堵了,373692
38,蒙古国赠羊进入隔离免疫区,299297
39,金马奖入围名单,265532
40,路晋公主抱顾胜男,245102
41,Lucky太可爱了,242437
42,雷佳音志愿接送医护,236652
43,巴黎传出巨大爆炸声,230612
44,平小安大喊想活着,228243
45,五只灰鹦鹉互教脏话骂游客,228058
46,今天14时至23时高速将出现拥堵,176829
47,网易云音乐申请网愈云商标,127735
48,外交部回应中国疫苗定价,114019
49,内蒙古省考成绩,108903
50,黎曼表白路晋被拒,108456
